{
  "version": "33.0.0",
  "files": {
    "fc8cb4f6386862a00fa5d3a959c77c3687c4019d7093d8a7728250dee1c9451b": {
      "source": {
        "path": "asset.fc8cb4f6386862a00fa5d3a959c77c3687c4019d7093d8a7728250dee1c9451b",
        "packaging": "zip"
      },
      "destinations": {
        "current_account-current_region": {
          "bucketName": "cdk-hnb659fds-assets-${AWS::AccountId}-${AWS::Region}",
          "objectKey": "fc8cb4f6386862a00fa5d3a959c77c3687c4019d7093d8a7728250dee1c9451b.zip",
          "assumeRoleArn": "arn:${AWS::Partition}:iam::${AWS::AccountId}:role/cdk-hnb659fds-file-publishing-role-${AWS::AccountId}-${AWS::Region}"
        }
      }
    },
    "44845fcd4e48af19ee9e4dfd20c57e53df9d9b6b11972ecf3967fd75e26984a3": {
      "source": {
        "path": "CognitoStack6DB0B004.template.json",
        "packaging": "file"
      },
      "destinations": {
        "current_account-current_region": {
          "bucketName": "cdk-hnb659fds-assets-${AWS::AccountId}-${AWS::Region}",
          "objectKey": "44845fcd4e48af19ee9e4dfd20c57e53df9d9b6b11972ecf3967fd75e26984a3.json",
          "assumeRoleArn": "arn:${AWS::Partition}:iam::${AWS::AccountId}:role/cdk-hnb659fds-file-publishing-role-${AWS::AccountId}-${AWS::Region}"
        }
      }
    }
  },
  "dockerImages": {}
}