{
  "version": "33.0.0",
  "files": {
    "d5fe1a377515787d7b561af72d32c1f85ae2188c9d9a1a92c59585b98c58a739": {
      "source": {
        "path": "asset.d5fe1a377515787d7b561af72d32c1f85ae2188c9d9a1a92c59585b98c58a739",
        "packaging": "zip"
      },
      "destinations": {
        "current_account-current_region": {
          "bucketName": "cdk-hnb659fds-assets-${AWS::AccountId}-${AWS::Region}",
          "objectKey": "d5fe1a377515787d7b561af72d32c1f85ae2188c9d9a1a92c59585b98c58a739.zip",
          "assumeRoleArn": "arn:${AWS::Partition}:iam::${AWS::AccountId}:role/cdk-hnb659fds-file-publishing-role-${AWS::AccountId}-${AWS::Region}"
        }
      }
    },
    "f24e58ebfba0571aba154158e3a976d38bd5b8727f90cea4afa5ef484da76543": {
      "source": {
        "path": "CognitoStack.template.json",
        "packaging": "file"
      },
      "destinations": {
        "current_account-current_region": {
          "bucketName": "cdk-hnb659fds-assets-${AWS::AccountId}-${AWS::Region}",
          "objectKey": "f24e58ebfba0571aba154158e3a976d38bd5b8727f90cea4afa5ef484da76543.json",
          "assumeRoleArn": "arn:${AWS::Partition}:iam::${AWS::AccountId}:role/cdk-hnb659fds-file-publishing-role-${AWS::AccountId}-${AWS::Region}"
        }
      }
    }
  },
  "dockerImages": {}
}